-- 유저 등록
INSERT INTO users (id, email, password, nickname, created_at, updated_at, is_deleted)
VALUES
    ('11111111-1111-1111-1111-111111111111', 'test1@email.com', 'pw1', '사용자1', NOW(), NOW(), false),
    ('22222222-2222-2222-2222-222222222222', 'test2@email.com', 'pw2', '사용자2', NOW(), NOW(), false);

-- 리뷰 등록
INSERT INTO review (id, book_id, user_id, user_nickname, content, rating, created_at, updated_at, is_deleted)
VALUES
    ('aaaa1111-0000-0000-0000-000000000001', '00000000-0000-0000-0000-000000000001', '11111111-1111-1111-1111-111111111111', '사용자1', '리뷰 내용 1', 4.0, NOW(), NOW(), false),
    ('aaaa1111-0000-0000-0000-000000000002', '00000000-0000-0000-0000-000000000001', '22222222-2222-2222-2222-222222222222', '사용자2', '리뷰 내용 2', 3.5, NOW(), NOW(), false);

-- 좋아요 등록
INSERT INTO review_like (id, review_id, user_id, created_at)
VALUES
    ('like-0001-0000-0000-0000-000000000001', 'aaaa1111-0000-0000-0000-000000000001', '22222222-2222-2222-2222-222222222222', NOW()),
    ('like-0002-0000-0000-0000-000000000002', 'aaaa1111-0000-0000-0000-000000000002', '11111111-1111-1111-1111-111111111111', NOW());

-- 댓글 등록
INSERT INTO comment (id, review_id, user_id, content, created_at, is_deleted)
VALUES
    ('comm-0001-0000-0000-0000-000000000001', 'aaaa1111-0000-0000-0000-000000000001', '22222222-2222-2222-2222-222222222222', '댓글1', NOW(), false),
    ('comm-0002-0000-0000-0000-000000000002', 'aaaa1111-0000-0000-0000-000000000002', '11111111-1111-1111-1111-111111111111', '댓글2', NOW(), false);
